<beans xmlns="http://www.springframework.org/schema/beans" 
xmlns:xsi="http://www.w3.org/2001/XMLSchema-instance" 
xmlns:p="http://www.springframework.org/schema/p" 
xsi:schemaLocation="http://www.springframework.org/schema/beans http://www.springframework.org/schema/beans/spring-beans-3.0.xsd">


<bean id="cust" class="com.Customer">
<!-- <property name="customerId" value="100"></property>
<property name="customerName" value="OM"></property> -->

<constructor-arg type="int" value="200"></constructor-arg>
<constructor-arg type="String" value="OM"></constructor-arg>
</bean>

<bean id="emp" class="com.Employee">
</bean>



</beans>